{
    "grid_width": 30,
    "grid_height": 1,
    "objects": {
        "ground": {
            "indices": [
                0,
                1,
                2,
                3,
                4,
                5,
                6,
                7,
                8,
                9,
                10,
                11,
                12,
                13,
                14,
                15,
                16,
                17,
                18,
                19,
                20,
                21,
                22,
                23,
                24,
                25,
                26,
                27,
                28,
                29
            ],
            "types": [
                5,
                5,
                5,
                5,
                5,
                5,
                5,
                5,
                5,
                5,
                5,
                5,
                5,
                5,
                5,
                5,
                5,
                5,
                5,
                5,
                5,
                5,
                5,
                5,
                5,
                5,
                5,
                5,
                5,
                5
            ],
            "neighbors": {
                "0": [
                    1
                ],
                "1": [
                    0,
                    2
                ],
                "2": [
                    1,
                    3
                ],
                "3": [
                    2,
                    4
                ],
                "4": [
                    3,
                    5
                ],
                "5": [
                    4,
                    6
                ],
                "6": [
                    5,
                    7
                ],
                "7": [
                    6,
                    8
                ],
                "8": [
                    7,
                    9
                ],
                "9": [
                    10,
                    8
                ],
                "10": [
                    11,
                    9
                ],
                "11": [
                    10,
                    12
                ],
                "12": [
                    11,
                    13
                ],
                "13": [
                    12,
                    14
                ],
                "14": [
                    13,
                    15
                ],
                "15": [
                    14,
                    16
                ],
                "16": [
                    15,
                    17
                ],
                "17": [
                    16,
                    18
                ],
                "18": [
                    17,
                    19
                ],
                "19": [
                    18,
                    20
                ],
                "20": [
                    19,
                    21
                ],
                "21": [
                    20,
                    22
                ],
                "22": [
                    21,
                    23
                ],
                "23": [
                    22,
                    24
                ],
                "24": [
                    23,
                    25
                ],
                "25": [
                    24,
                    26
                ],
                "26": [
                    25,
                    27
                ],
                "27": [
                    26,
                    28
                ],
                "28": [
                    27,
                    29
                ],
                "29": [
                    28
                ]
            }
        }
    }
}